{
	"class_success_rate" : 
	[
		90.989471435546875,
		70.644096374511719,
		88.9613037109375,
		91.041580200195312
	],
	"confusion_matrix" : 
	[
		[
			2161,
			500,
			206,
			180
		],
		[
			78,
			1711,
			58,
			10
		],
		[
			105,
			133,
			2184,
			19
		],
		[
			31,
			78,
			7,
			2124
		]
	],
	"succes_result" : 85.341682434082031,
	"total_correct" : 8180,
	"total_wrong" : 1405
}