{
	"class_success_rate" : 
	[
		88.929000854492188,
		69.321533203125,
		88.6597900390625,
		88.888885498046875
	],
	"confusion_matrix" : 
	[
		[
			5173,
			372,
			109,
			29
		],
		[
			304,
			1410,
			56,
			2
		],
		[
			176,
			117,
			1290,
			0
		],
		[
			164,
			135,
			0,
			248
		]
	],
	"succes_result" : 84.72613525390625,
	"total_correct" : 8121,
	"total_wrong" : 1464
}