{
	"class_success_rate" : 
	[
		92.035400390625,
		73.4735107421875,
		89.773681640625,
		96.430091857910156
	],
	"confusion_matrix" : 
	[
		[
			2184,
			410,
			205,
			48
		],
		[
			73,
			1817,
			34,
			11
		],
		[
			68,
			143,
			2142,
			25
		],
		[
			48,
			103,
			5,
			2269
		]
	],
	"succes_result" : 87.762130737304688,
	"total_correct" : 8412,
	"total_wrong" : 1173
}