{
	"class_success_rate" : 
	[
		88.774284362792969,
		68.633232116699219,
		90.103096008300781,
		94.982078552246094
	],
	"confusion_matrix" : 
	[
		[
			5164,
			336,
			109,
			12
		],
		[
			246,
			1396,
			35,
			2
		],
		[
			143,
			134,
			1311,
			0
		],
		[
			264,
			168,
			0,
			265
		]
	],
	"succes_result" : 84.88262939453125,
	"total_correct" : 8136,
	"total_wrong" : 1449
}